Fake Name,Station No.,Station Name,不好猫,Date,Edition
Swansea,0,Swansea,蛮屎忽 城市,05/12/2016,α2
Paddington,1,London Paddington (PAD),大火车棚,05/12/2016,α2
Bath Spa,2,Bath Spa,浴缸,31/05/2018,α1/β1
Cardiff Queen Street,3,Cardiff Queen Street,光荣领袖习近平街,19/12/2018,ϡI
Cathays,4,Cathays,猫干草,19/12/2018,ϡI
Llandaf,5,Llandaf,达夫教堂,19/12/2018,ϡI
Radyr,6,Radyr,车手,19/12/2018,ϡI
Taffs Well,7,Taffs Well,太妃糖好,19/12/2018,ϡI
Treforest,8,Treforest,树森林,19/12/2018,ϡI
Pontypridd,9,Pontypridd,尖尖的,19/12/2018,ϡI
Trehafod,10,Trehafod (Road Station),树有奇数,19/12/2018,ϡI
Porth,11,Porth,贫困,19/12/2018,ϡI
Dinas Rhondda,12,Dinas Rhondda,迪恩屁股错了,19/12/2018,ϡI
Tonypandy,13,Tonypandy,消防员山姆,19/12/2018,ϡI
Llwynypia,14,Llwynypia,没有元音镇,19/12/2018,ϡI
Ystrad Rhondda,15,Ystrad Rhondda,错误搁浅,19/12/2018,ϡI
Ton Pentre,16,Ton Pentre,吨悔改,19/12/2018,ϡI
Treorchy,17,Treorchy,猪肉树,19/12/2018,ϡI
Ynyswen,18,Ynyswen,冰什么时候,19/12/2018,ϡI
Treherbert,19,Treherbert,悲伤沮丧的山谷小镇,19/12/2018,ϡI
Abercynon,20,Abercynon,山谷交界处,19/12/2018,ϡI
Quakers Yard,21,Quakers Yard,宗教坚果盒堆场,19/12/2018,ϡI
Merthyr Vale,22,Merthyr Vale,乐购谷,19/12/2018,ϡI
Troed-y-Rhiw,23,Troed-y-Rhiw,无尽的联排别墅,19/12/2018,ϡI
Pentre-bach,24,Pentre-bach,垃圾普利茅斯,19/12/2018,ϡI
Merthyr Tydfil,25,Merthyr Tydfil (Tesco),特斯科,19/12/2018,ϡI
Treforest Estate,26,Nantgarw,传奇的,19/12/2018,ϡI
Cardiff Bay,27,Cardiff Bay,运行轨道,19/12/2018,ϡI
Bridgend,28,Bridgend,队伍的尽头,19/12/2018,ϡI
Port Talbot Parkway,29,Port Talbot Parkway,人间地狱,19/12/2018,ϡI
Neath,30,Neath,恶心的,29/12/2018,ϡII
Heath High Level,31,Heath High Level,危险楼梯,29/12/2018,ϡII
Llanishen,32,Llanishen,,29/12/2018,ϡII
Lisvane & Thornhill,33,Lisvane & Thornhill,,29/12/2018,ϡII
Caerphilly,34,Caerphilthy,污秽,29/12/2018,ϡII
Aber,35,Aber,河,29/12/2018,ϡII
Energlyn & Churchill Park,36,Energlyn & Churchill Park,,29/12/2018,ϡII
Llanbradach,37,Llanbradach,,29/12/2018,ϡII
Ystrad Mynach,38,Ystrad Mynach,,29/12/2018,ϡII
Hengoed,39,Hengoed,,29/12/2018,ϡII
Pengham,40,Pengham,,29/12/2018,ϡII
Bargoed,41,Bargoed (Broken Doors),,29/12/2018,ϡII
Brithdir,42,Brithdir,,29/12/2018,ϡII
Tir-Phil,43,Tir-Phil,堆填区,29/12/2018,ϡII
Pontlottyn,44,Pontlottyn,,29/12/2018,ϡII
Rhymney,45,Rhymney,,29/12/2018,ϡII
Heath Low Level,46,Heath Low Level (Running Footsteps),狡猾的胡同,29/12/2018,ϡII
Gowerton,47,Gowerton,,19/04/2019,ϡIII
Llanelli,48,Llanelli,,19/04/2019,ϡIII
Llangennech,49,Llangennech,,19/04/2019,ϡIII
Pontarddulais,50,Pontarddulais,,19/04/2019,ϡIII
Pantyffynnon,51,Pantyffynnon,,19/04/2019,ϡIII
Ammanford,52,Ammanford,,19/04/2019,ϡIII
Llandybie,53,Llandybie,,19/04/2019,ϡIII
Llandeilo,54,Llandeilo,,19/04/2019,ϡIII
Llangadog,55,Llangadog,,19/04/2019,ϡIII
Llanwrda,56,Llanwrda,,19/04/2019,ϡIII
Llandovery,57,Llandovery,,19/04/2019,ϡIII
Cynghordy,58,Cynghordy,惊人的高架桥,19/04/2019,ϡIII
Sugar Loaf,59,Sugar Loaf,宁静,19/04/2019,ϡIII
Llanwrtyd Wells,60,Llanwrtyd Wells,,19/04/2019,ϡIII
Llangammarch Wells,61,Llangammarch Wells,,19/04/2019,ϡIII
Builth Road,62,Builth Road,,19/04/2019,ϡIII
Llandrindod,63,Llandrindod,,19/04/2019,ϡIII
Dolau,64,Dolau,,19/04/2019,ϡIII
Knucklas,65,Knucklas,,19/04/2019,ϡIII
Knighton,66,Knighton,,19/04/2019,ϡIII
Bucknell,67,Bucknell,,19/04/2019,ϡIII
Shrewsbury,68,Shrewsbury,多层停车场,19/04/2019,ϡIII
Church Stretton,69,Church Stretton,,19/04/2019,ϡIII
Craven Arms,70,Craven Arms,,19/04/2019,ϡIII
Ludlow,71,Ludlow,,19/04/2019,ϡIII
Leominster,72,Leominster,,19/04/2019,ϡIII
Hereford,73,Hereford,,19/04/2019,ϡIII
Abergavenny,74,Abergavenny,,19/04/2019,ϡIII
Pontypool & New Inn,75,Pontypool & New Inn,,19/04/2019,ϡIII
Cwmbrân,76,Cwmbrân,,19/04/2019,ϡIII
Pontyclun,77,Pontyclun,,19/04/2019,ϡIII
Llanharan,78,Llanharan,,19/04/2019,ϡIII
Pencoed,79,Pencoed,,19/04/2019,ϡIII
Pyle,80,Pyle,,19/04/2019,ϡIII
Baglan,81,Baglan,,19/04/2019,ϡIII
Briton Ferry,82,Briton Ferry,,19/04/2019,ϡIII
Skewen,83,Skewen,,19/04/2019,ϡIII
Llansamlet,84,Llansamlet,,19/04/2019,ϡIII
Wildmill,85,Wildmill,,10/08/2019,ϡIV
Sarn,86,Sarn,,10/08/2019,ϡIV
Tondu,87,Tondu,,10/08/2019,ϡIV
Garth (Bridgend County),88,Garth (Mid Glam),,10/08/2019,ϡIV
Maesteg Ewenny Road,89,Maesteg Ewenny Road,不是阿斯达,10/08/2019,ϡIV
Maesteg Asda,90,Maesteg Asda,阿斯达,10/08/2019,ϡIV
Llantwit Major,91,Llantwit Major,,10/08/2019,ϡIV
Rhoose Cardiff Airport,92,Rhoose Cardiff Airport,邓小平纪念机场,10/08/2019,ϡIV
Barry,93,Barry,,10/08/2019,ϡIV
Barry Island,94,Barry Island,严重的忧郁症,10/08/2019,ϡIV
Barry Docks,95,Barry Docks,,10/08/2019,ϡIV
Cadoxton,96,Cadoxton,,10/08/2019,ϡIV
Dinas Powys,97,Dinas Powys,,10/08/2019,ϡIV
Eastbrook,98,Eastbrook,,10/08/2019,ϡIV
Cogan,99,Cogan,,10/08/2019,ϡIV
Grangetown,100,IKEA (Grangetown),宜家,10/08/2019,ϡIV
Dingle Road,101,Dingle Road,,10/08/2019,ϡIV
Penarth,102,Penarth,,10/08/2019,ϡIV
Cardiff Central,103,Cardiff Central,似曾相识,10/08/2019,ϡI/ϡIV
Penrhiwceiber,104,Penrhiwceiber,,10/08/2019,ϡIV
Mountain Ash,105,Mountain Ash,,10/08/2019,ϡIV
Fernhill,106,Fernhill,,10/08/2019,ϡIV
Cwmbach,107,Cwmbach,,10/08/2019,ϡIV
Aberdare,108,Aberdare,,10/08/2019,ϡIV
Tŷ Glas,109,Tŷ Glas,,10/08/2019,ϡIV
Birchgrove,110,Birchgrove,,10/08/2019,ϡIV
Rhiwbina,111,Rhiwbina,,10/08/2019,ϡIV
Whitchurch,112,Whitchurch,,10/08/2019,ϡIV
Coryton,113,Coryton,,10/08/2019,ϡIV
Ninian Park,114,Ninian Park,,10/08/2019,ϡIV
Waun Gron Park,115,Waun Gron Park,,10/08/2019,ϡIV
Fairwater,116,Fairwater,,10/08/2019,ϡIV
Danescourt,117,Danescourt,,10/08/2019,ϡIV
Pye Corner,118,π ∟,三点一四一五九,20/08/2019,ϡV
Rogerstone,119,Rogerstone,,20/08/2019,ϡV
Risca & Pontymister,120,Risca & Pontymister,尖尖的先生,20/08/2019,ϡV
Crosskeys,121,Crosskeys,,20/08/2019,ϡV
Newbridge,122,Newbridge (Conti Fish Bar),鱼吧,20/08/2019,ϡV
Llanhilleth,123,Llanhilleth,,20/08/2019,ϡV
Ebbw Vale Parkway,124,Ebbw Vale Parkway,,20/08/2019,ϡV
Ebbw Vale Town,125,Ebbw Vale Town,他们付钱给你离开,20/08/2019,ϡV
Newport (South Wales),126,Newport,,20/08/2019,ϡV
Severn Tunnel Junction,127,Severn Tunnel Junction,,20/08/2019,ϡV
Caldicot,128,Caldicot,,20/08/2019,ϡV
Chepstow,129,Chepstow,,20/08/2019,ϡV
Lydney,130,Lydney,美味的辐射,20/08/2019,ϡV
Gloucester,131,Dr Foster,,20/08/2019,ϡV
Cheltenham Spa,132,"""Cheltenham""",老大哥在看着你,20/08/2019,ϡV
Bristol Parkway,133,Brizzle Parkway,,20/08/2019,ϡV
Pembrey & Burry Port,134,Pembrey & Burry Port,,05/09/2019,ϡVI
Kidwelly,135,Kidwelly,,05/09/2019,ϡVI
Ferryside,136,Ferryside,,05/09/2019,ϡVI
Carmarthen,137,Carmarthen,,05/09/2019,ϡVI
Whitland,138,Whitland (West Wales Central),,05/09/2019,ϡVI
Narberth,139,Narberth,,05/09/2019,ϡVI
Kilgetty,140,Kilgetty,,05/09/2019,ϡVI
Tenby,141,Tenby,,05/09/2019,β1/ϡVI
Penally,142,Penally,,05/09/2019,ϡVI
Manorbier,143,Manorbier,,05/09/2019,ϡVI
Lamphey,144,Lamphey,,05/09/2019,ϡVI
Pembroke,145,Pembroke,,05/09/2019,ϡVI
Pembroke Dock,146,Pembroke Dock (Millenium Falcon),,05/09/2019,ϡVI
Saundersfoot,147,Saundersfoot,,05/09/2019,ϡVI
Clarbeston Road,148,Clarbeston Road,,05/09/2019,ϡVI
Haverfordwest,149,Haverfordwest,,05/09/2019,ϡVI
Milford Haven,150,Milford Haven (Nuclear Bunker),,05/09/2019,ϡVI
Johnston (Pembs),151,Johnston,,05/09/2019,ϡVI
Clunderwen,152,Clunderwen (Matthew's Initiation),,05/09/2019,ϡVI
Fishguard & Goodwick,153,Fishguard & Goodwick,,05/09/2019,ϡVI
Fishguard Harbour,154,Fishguard Harbour,,05/09/2019,ϡVI
Acton Main Line,155,AML,,13/12/2019,ϙ1
Ealing Broadway,156,Ealing Broadway,,13/12/2019,ϙ1
West Brompton,157,West Brompton,,13/12/2019,ϙ1
Kensington (Olympia),158,Olympia,,13/12/2019,ϙ1
Shepherd's Bush,159,Shepherd's Bush,,13/12/2019,ϙ1
Willesden Junction,160,Willesden Junction,,01/02/2020,ϙ2
Acton Central,161,Acton Central,,01/02/2020,ϙ2
South Acton,162,South Acton,,01/02/2020,ϙ2
Gunnersbury,163,Gunnersbury,,01/02/2020,ϙ2
Kew Gardens,164,Kew Gardens,,01/02/2020,ϙ2
Richmond,165,Richmond,,01/02/2020,ϙ2
Tottenham Hale,166,Tottenham Hale,,01/02/2020,ϙ2
Northumberland Park,167,Northumberland Park,,01/02/2020,ϙ2
Meridian Water,168,Meridian Premier IKEA Extra,,01/02/2020,ϙ2
Bruce Grove,169,Bruce Grove,,01/02/2020,ϙ2
Seven Sisters,170,Seven Sisters,,01/02/2020,ϙ2
Imperial Wharf,171,Imperial Wharf,,02/02/2020,ϙ2
Clapham Junction,172,Clapham Junction,,02/02/2020,ϙ2
Putney,173,Putney,,02/02/2020,ϙ2
Ffairfach,174,Ffairfach,,11/08/2020,R0=4
Bynea,175,Bynea,,11/08/2020,R0=4
Lewisham,176,Lewisham,,23/09/2020,ϙ3
St Johns,177,St Johns,,23/09/2020,ϙ3
New Cross,178,New Cross,,23/09/2020,ϙ3
London Bridge,179,London Bridge,,23/09/2020,ϙ3
Cannon Street,180,Cannon Street,,23/09/2020,ϙ3
Taunton,181,Taunton,,14/04/2021,ϝ1
Bridgwater,182,Bridgwater,,14/04/2021,ϝ1
Highbridge & Burnham,183,Highbridge & Burnham,,14/04/2021,ϝ1
Weston-Super-Mare,184,Weston-Super-Mare,,14/04/2021,ϝ1
Weston Milton,185,Weston Milton,,14/04/2021,ϝ1
Worle,186,Worle (Postcard Sign),,14/04/2021,ϝ1
Yatton,187,Yatton,,14/04/2021,ϝ1
Nailsea & Backwell,188,Nailsea & Backwell,,14/04/2021,ϝ1
Parson Street,189,Parson Street,,14/04/2021,ϝ1
Bedminster,190,Bedminster,,14/04/2021,ϝ1
Bristol Temple Meads,191,Brizzle Temple Meads,,14/04/2021,ϝ1
Stratford,192,Stratford,,20/06/2021,ϙ5
Liverpool Street,193,Liverpool Street,,20/06/2021,ϙ5
Tackley,194,Tackley,,23/06/2021,Ξ1
Heyford,195,Heyford,,23/06/2021,Ξ1
Kings Sutton,196,Kings Sutton,,23/06/2021,Ξ1
Banbury,197,Banbury,,23/06/2021,Ξ1
Bicester North,198,Bicester North,,23/06/2021,Ξ1
Bicester Village,199,比斯特村,买！买！买!,23/06/2021,Ξ1
Oxford Parkway,200,Oxford Parkway,,23/06/2021,Ξ1
Oxford,201,Oxford,,23/06/2021,Ξ1
Hanborough,202,Hanborough,,29/07/2021,Ξ2
Combe,203,Combe,,29/07/2021,Ξ2
Finstock,204,Finstock,,29/07/2021,Ξ2
Charlbury,205,Charlbury,,29/07/2021,Ξ2
Ascott-under-Wychwood,206,Ascott (Angry Conductor),,29/07/2021,Ξ2
Shipton,207,Shipton,,29/07/2021,Ξ2
Kingham,208,Kingham,,29/07/2021,Ξ2
Moreton-in-Marsh,209,MIM,,29/07/2021,Ξ2
Honeybourne,210,Honeybourne,,29/07/2021,Ξ2
Evesham,211,Evesham,,29/07/2021,Ξ2
Pershore,212,Pershore,,29/07/2021,Ξ2
Worcestershire Parkway,213,Wozza Parkway,,29/07/2021,Ξ2
Worcester Shrub Hill,214,Wozza Shrub Hill,,29/07/2021,Ξ2
Worcester Foregate St,215,Wozza Foregate St,,29/07/2021,Ξ2
Malvern Link,216,Malvern Link,,29/07/2021,Ξ2
Great Malvern,217,Great Malvern,,29/07/2021,Ξ2
Colwall,218,Colwall,,29/07/2021,Ξ2
Ledbury,219,Ledbury,,29/07/2021,Ξ2
Islip,220,Islip,,30/07/2021,Ξ2
Kensal Green,221,Kensal Green,,01/08/2021,ϙ6
Harlesden,222,Harlesden,,01/08/2021,ϙ6
Stonebridge Park,223,Stonebridge Park,,01/08/2021,ϙ6
Wembley Central,224,Wembley Central,,01/08/2021,ϙ6
North Wembley,225,North Wembley,,01/08/2021,ϙ6
South Kenton,226,South Kenton,,01/08/2021,ϙ6
Kenton,227,Kenton Sainsburys,,01/08/2021,ϙ6
Harrow & Wealdstone,228,Harrow & Wealdstone,,01/08/2021,ϙ6
Headstone Lane,229,Headstone Lane,,01/08/2021,ϙ6
Hatch End,230,Hatch End,,01/08/2021,ϙ6
Carpenders Park,231,Carpenders Park,,01/08/2021,ϙ6
Bushey,232,Bushey,,01/08/2021,ϙ6
Watford High Street,233,Watford HS: Edge of the North,,01/08/2021,ϙ6
Watford Junction,234,Wichawd Bwanson Junction,,01/08/2021,ϙ6
Queens Park,235,Queens Park,,01/08/2021,ϙ6
Kilburn High Road,236,Kilburn High Road,,14/08/2021,Ξ3
South Hampstead,237,South Hampstead,,14/08/2021,Ξ3
Euston,238,Euston,,14/08/2021,Ξ3
King's Cross,239,King's Cross 9 3/4,,14/08/2021,Ξ3
Finsbury Park,240,Finsbury Park,,14/08/2021,Ξ3
Potters Bar,241,Potters Bar (Sainsburys),,14/08/2021,Ξ3
Hatfield,242,Hatfield,,14/08/2021,Ξ3
Welwyn Garden City,243,Welwyn Garden City (Home of Tesco),,14/08/2021,Ξ3
Welwyn North,244,Welwyn North,,14/08/2021,Ξ3
Knebworth,245,Knebworth,,14/08/2021,Ξ3
Stevenage,246,Stevenage,,14/08/2021,Ξ3
Hitchin,247,Hitchin,,14/08/2021,Ξ3
Letchworth Garden City,248,Letchworth Garden City,,14/08/2021,Ξ3
Baldock,249,Baldock,,14/08/2021,Ξ3
Ashwell and Morden,250,Ashwell and Morden,,14/08/2021,Ξ3
Royston,251,Royston,,14/08/2021,Ξ3
Meldreth,252,Meldreth,,14/08/2021,Ξ3
Shepreth,253,Shepreth Zoo,,14/08/2021,Ξ3
Foxton,254,Foxton,,14/08/2021,Ξ3
Cambridge,255,Tab,,14/08/2021,Ξ3
Droitwich Spa,256,Droitwich Spa,,28/08/2021,Ξ4
Hartlebury,257,Hartlebury,,28/08/2021,Ξ4
Kidderminster,258,Kidwellminster,,28/08/2021,Ξ4
Blakedown,259,Blakedown,,28/08/2021,Ξ4
Hagley,260,Hagley,,28/08/2021,Ξ4
Stourbridge Junction,261,Cat Junction,,28/08/2021,Ξ4
Stourbridge Town,262,Stourbridge (Tiny Train) Town,,28/08/2021,Ξ4
Lye,263,Lye,,28/08/2021,Ξ4
Cradley Heath,264,Cradley Heath,,28/08/2021,Ξ4
Rowley Regis,265,Rowley Regis,,28/08/2021,Ξ4
Langley Green,266,Langley Green,,28/08/2021,Ξ4
Smethwick Galton Bridge,267,Smethwick Galton Bridge,,28/08/2021,Ξ4
The Hawthorns,268,The Hawthorns (Midlands++),,28/08/2021,Ξ4
Jewellery Quarter,269,Jewellery Qtr,,28/08/2021,Ξ4
Birmingham Snow Hill,270,Brummy Concrete Hill,,28/08/2021,Ξ4
Birmingham Moor Street,271,Brummy Moor St,,28/08/2021,Ξ4
Small Heath,272,Small Heath,,28/08/2021,Ξ4
Tyseley,273,Tyseley,,28/08/2021,Ξ4
Acocks Green,274,Acocks Green,,28/08/2021,Ξ4
Olton,275,Olton,,28/08/2021,Ξ4
Solihull,276,Solihull (Hamsterton),,28/08/2021,Ξ4
Widney Manor,277,Widney Manor,,28/08/2021,Ξ4
Dorridge,278,Dorridge (Bubble),,28/08/2021,Ξ4
Lapworth,279,Lapworth,,28/08/2021,Ξ4
Hatton,280,Hatton,,28/08/2021,Ξ4
Warwick Parkway,281,Warwick Parkway,,28/08/2021,Ξ4
Warwick,282,Warwick (¬Uni),,28/08/2021,Ξ4
Leamington Spa,283,LeSpa,,28/08/2021,Ξ4
Kensal Rise,284,Kensal Rise,,29/08/2021,ϙ8
Brondesbury Park,285,Brondesbury Park,,29/08/2021,ϙ8
Brondesbury,286,Brondesbury,,29/08/2021,ϙ8
Chalfont & Latimer,287,Chalfont & Latimer,,29/08/2021,ϙ8
Amersham,288,Amersham,,29/08/2021,ϙ8
Camden Road,289,Camden Road (Bye!),,29/08/2021,ϙ8
Kentish Town West,290,Kentish Town West,,29/08/2021,ϙ8
Gospel Oak,291,Gospel Oak,,29/08/2021,ϙ8
Hampstead Heath,292,Hampstead Heath,,29/08/2021,ϙ8
Finchley Road & Frognal,293,F & Frog,,29/08/2021,ϙ8
West Hampstead,294,West Hampstead,,29/08/2021,ϙ8
Caledonian Road & Barnsbury,295,Caledonian Road & Barnsbury,,30/08/2021,ϙ8
Highbury & Islington,296,Highbury & Islington,,30/08/2021,ϙ8
Canonbury,297,Canonbury,,30/08/2021,ϙ8
Dalston Kingsland,298,Dalston Kingsland,,30/08/2021,ϙ8
Hackney Central,299,Hackney Central (300th),,30/08/2021,ϙ8
Homerton,300,Homerton,,30/08/2021,ϙ8
Hackney Wick,301,Hackney Wick,,30/08/2021,ϙ8
Wraysbury,302,Wraysbury (Perseverance),,30/08/2021,ϙ8
Staines,303,Staines,,30/08/2021,ϙ8
Ashford,304,Ashford,,30/08/2021,ϙ8
Feltham,305,Feltham,,30/08/2021,ϙ8
Hounslow,306,Hounslow,,30/08/2021,ϙ8
Vauxhall,307,Vauxhall,,30/08/2021,ϙ8
Waterloo,308,London Waterloo,,30/08/2021,ϙ8
Upminster,309,Upminster,,31/08/2021,ϙ8
Barking,310,Barking,,31/08/2021,ϙ8
Gilfach Fargoed,311,Gilfach Fargoed (TICK!),,03/09/2021,ϡVII
Lawrence Hill,312,Matthew Lawrence Hill,,25/09/2021,ϝ2
Stapleton Road,313,Staples Road,,25/09/2021,ϝ2
Montpelier,314,Montpelier,,25/09/2021,ϝ2
Redland,315,Redland,,25/09/2021,ϝ2
Clifton Down,316,Clifton Down,,25/09/2021,ϝ2
Sea Mills,317,Sea Mills,,25/09/2021,ϝ2
Shirehampton,318,Shirehampton,,25/09/2021,ϝ2
Avonmouth,319,Avonmouth,,25/09/2021,ϝ2
Severn Beach,320,Severn Beach,,25/09/2021,ϝ2
Pilning,321,Pilning!,,25/09/2021,ϝ2
Patchway,322,Patchway,,25/09/2021,ϝ2
Yate,323,Yate,,25/09/2021,ϝ2
Cam & Dursley,324,Cam & Dursley,,25/09/2021,ϝ2
Ashchurch for Tewkesbury,325,Ashchurch for Tewkesbury,,25/09/2021,ϝ2
Dalston Junction,326,Dalston Junction,,09/10/2021,ϙ9
Haggerston,327,Haggerston,,09/10/2021,ϙ9
Hoxton,328,Hoxton,,09/10/2021,ϙ9
Shoreditch High Street,329,Shoreditch (Arrr Studen 'eaven),,09/10/2021,ϙ9
Whitechapel,330,Whitechapel,,09/10/2021,ϙ9
Shadwell,331,Shadwell,,09/10/2021,ϙ9
Wapping,332,Wapping,,09/10/2021,ϙ9
Rotherhithe,333,Rotherhithe,,09/10/2021,ϙ9
Canada Water,334,Canada Water,,09/10/2021,ϙ9
Waterloo East,335,Waterloo East,,09/10/2021,ϙ9
Charing Cross,336,Charing X,,09/10/2021,ϙ9
Queenstown Road,337,Queenstown Road,,10/10/2021,ϙ9
Elephant & Castle,338,Elephant & Castle,,10/10/2021,ϙ9
Blackfriars,339,Blackfriars!,,10/10/2021,ϙ9
Farringdon,340,Farringdon,,10/10/2021,ϙ9
St Pancras International,341,St Pancras Int'l (Oui Oui!),,10/10/2021,ϙ9
Exeter St Davids,342,Exeter St Davids,,20/12/2021,∮1dx
Exeter Central,343,Exeter Central,,20/12/2021,∮1dx
St James Park,344,St James Park (Broken Doors),,20/12/2021,∮1dx
Polsloe Bridge,345,Polsloe Bridge,,20/12/2021,∮1dx
Digby & Sowton,346,Digby & Sowton,,20/12/2021,∮1dx
Newcourt,347,Newcourt,,20/12/2021,∮1dx
Topsham,348,Topsham,,20/12/2021,∮1dx
Exton,349,Exton,,20/12/2021,∮1dx
Lympstone Commando,350,Lympstone Commando,,20/12/2021,∮1dx
Lympstone Village,351,Lympstone Village,,20/12/2021,∮1dx
Exmouth,352,Exmouth,,20/12/2021,∮1dx
Exeter St Thomas,353,Exeter St Thomas,,20/12/2021,∮1dx
Starcross,354,Starcross,,20/12/2021,∮1dx
Dawlish Warren,355,Dawlish Warren,,20/12/2021,∮1dx
Dawlish,356,Dawlish,,20/12/2021,∮1dx
Teignmouth,357,Teignmouth,,20/12/2021,∮1dx
Newton Abbot,358,Newton Abbot,,20/12/2021,∮1dx
Torre,359,Torre,,20/12/2021,∮1dx
Torquay,360,Torquay,,20/12/2021,∮1dx
Paignton,361,Paignton,,20/12/2021,∮1dx
City Thameslink,362,City Thameslink,,20/01/2022,ϙ10ε
Welham Green,363,Welham Green,,23/01/2022,ϙ10
Brookmans Park,364,Brookmans Park,,23/01/2022,ϙ10
Hadley Wood,365,Hadley Wood,,23/01/2022,ϙ10
New Barnet,366,New Barnet,,23/01/2022,ϙ10
Oakleigh Park,367,Oakleigh House Park,,23/01/2022,ϙ10
New Southgate,368,New Southgate,,23/01/2022,ϙ10
Alexandra Palace,369,Ally Pally,,23/01/2022,ϙ10
Hornsey,370,Hornsey,,23/01/2022,ϙ10
Harringay,371,Harringay,,23/01/2022,ϙ10
Drayton Park,372,Drayton Park,,23/01/2022,ϙ10
Essex Road,373,Essex Road,,23/01/2022,ϙ10
Old Street,374,Old Street,,23/01/2022,ϙ10
Moorgate,375,Moorgate,,23/01/2022,ϙ10
West Ham,376,West Ham,,23/01/2022,ϙ10
Limehouse,377,Limehouse,,23/01/2022,ϙ10
Fenchurch Street,378,Fenchurch Street,,23/01/2022,ϙ10
Harrow-on-the-Hill,379,Harrow-on-the-Hill,,23/01/2022,ϙ10
Rickmansworth,380,Rickmansworth,,23/01/2022,ϙ10
Chorleywood,381,Chorleywood,,23/01/2022,ϙ10
Great Missenden,382,Great Missenden,,23/01/2022,ϙ10
Wendover,383,Wendover,,23/01/2022,ϙ10
Stoke Mandeville,384,Stoke Mandeville,,23/01/2022,ϙ10
Aylesbury,385,Aylesbury,,23/01/2022,ϙ10
Aylesbury Vale Parkway,386,Aylesbury Vale Parkway,,23/01/2022,ϙ10
Little Kimble,387,Little Kimble,,23/01/2022,ϙ10
Monks Risborough,388,Monks Risborough,,23/01/2022,ϙ10
Princes Risborough,389,Princes Risborough,,23/01/2022,ϙ10
Saunderton,390,Saunderton,,23/01/2022,ϙ10
High Wycombe,391,High Wycombe,,23/01/2022,ϙ10
Beaconsfield,392,Beaconsfield,,23/01/2022,ϙ10
Seer Green & Jordans,393,Seer Green & Jordans,,23/01/2022,ϙ10
Gerrards Cross,394,Gerrards Cross,,23/01/2022,ϙ10
Denham Golf Club,395,Denham Golf Club,,23/01/2022,ϙ10
Denham,396,Denham,,23/01/2022,ϙ10
West Ruislip,397,West Ruislip,,23/01/2022,ϙ10
Northolt Park,398,Northolt Park,,23/01/2022,ϙ10
Wembley Stadium,399,Wembley Stadium,,23/01/2022,ϙ10
Marylebone,400,Marylebone,,23/01/2022,ϙ10
Guildford,401,Guildford,,30/03/2022,ϙ11
Wanborough,402,Wanborough,,30/03/2022,ϙ11
Ash,403,Ash,,30/03/2022,ϙ11
Aldershot,404,Aldershot,,30/03/2022,ϙ11
Farnham,405,Farnham,,30/03/2022,ϙ11
Bentley,406,Bentley,,30/03/2022,ϙ11
Alton,407,Alton,,30/03/2022,ϙ11
Ash Vale,408,Ash Vale,,30/03/2022,ϙ11
Brookwood,409,Brookwood,,30/03/2022,ϙ11
Woking,410,Pizza Express,,30/03/2022,ϙ11
West Byfleet,411,West Byfleet,,30/03/2022,ϙ11
Byfleet & New Haw,412,Byfleet & New Haw,,30/03/2022,ϙ11
Weybridge,413,Weybridge,,30/03/2022,ϙ11
Walton-on-Thames,414,Walton-on-Thames,,30/03/2022,ϙ11
Hersham,415,Hersham,,30/03/2022,ϙ11
Esher,416,Esher,,30/03/2022,ϙ11
Surbiton,417,Surbiton,,30/03/2022,ϙ11
Thames Ditton,418,Thames Ditton,,30/03/2022,ϙ11
Hampton Court,419,Hampton Court (Chop Chop),,30/03/2022,ϙ11
Berrylands,420,Berrylands,,30/03/2022,ϙ11
New Malden,421,New Malden,,30/03/2022,ϙ11
Raynes Park,422,Raynes Park,,30/03/2022,ϙ11
Wimbledon,423,Wombledon,,30/03/2022,ϙ11
Earlsfield,424,Earlsfield,,30/03/2022,ϙ11
Motspur Park,425,Motspur Park,,30/03/2022,ϙ11
Worcester Park,426,Wozza Park,,30/03/2022,ϙ11
Stoneleigh,427,Stoneleigh,,30/03/2022,ϙ11
Ewell West,428,Ewell West,,30/03/2022,ϙ11
Epsom,429,Epsom,,30/03/2022,ϙ11
Ewell East,430,Ewell East,,30/03/2022,ϙ11
Cheam,431,Cheam,,30/03/2022,ϙ11
Sutton,432,Sutton,,30/03/2022,ϙ11
Belmont,433,Belmont,,30/03/2022,ϙ11
Banstead,434,Banstead,,30/03/2022,ϙ11
Epsom Downs,435,Epsom Golf Course,,30/03/2022,ϙ11
Tattenham Corner,436,Tattenham Corner,,30/03/2022,ϙ11
Tadworth,437,Tadworth,,30/03/2022,ϙ11
Kingswood,438,Kingswood,,30/03/2022,ϙ11
Chipstead,439,Chipstead,,30/03/2022,ϙ11
Woodmansterne,440,Woodmansterne,,30/03/2022,ϙ11
Coulsdown Town,441,Coulsdown Town,,30/03/2022,ϙ11
Reedham,442,Reedham,,30/03/2022,ϙ11
Purley,443,Purley,,30/03/2022,ϙ11
Purley Oaks,444,Purley Oaks,,30/03/2022,ϙ11
South Croydon,445,South Croydon,,30/03/2022,ϙ11
East Croydon,446,East Croydon,,30/03/2022,ϙ11
Elmers End,447,Elmers End,,30/03/2022,ϙ11
Eden Park,448,Eden Park,,30/03/2022,ϙ11
West Wickham,449,West Wickham,,30/03/2022,ϙ11
Hayes,450,Hayes,,30/03/2022,ϙ11
Clock House,451,Clock House,,30/03/2022,ϙ11
New Beckenham,452,New Beckenham,,30/03/2022,ϙ11
Lower Sydenham,453,Lower Sydenham,,30/03/2022,ϙ11
Catford Bridge,454,Catford Bridge,,30/03/2022,ϙ11
Ladywell,455,Ladywell,,30/03/2022,ϙ11
Blackheath,456,Blackheath,,30/03/2022,ϙ11
Kidbrooke,457,Kidbrooke,,30/03/2022,ϙ11
Eltham,458,Eltham,,30/03/2022,ϙ11
Falconwood,459,Falconwood,,30/03/2022,ϙ11
Welling,460,Welling,,30/03/2022,ϙ11
Bexleyheath,461,Bexleyheath,,30/03/2022,ϙ11
Barnehurst,462,Barnehurst,,30/03/2022,ϙ11
Dartford,463,Darkford,,30/03/2022,ϙ11
Slade Green,464,Slade Green,,30/03/2022,ϙ11
Erith,465,Erith,,30/03/2022,ϙ11
Belvedere,466,Belvedere,,30/03/2022,ϙ11
Abbey Wood,467,Abbey Wood,,30/03/2022,ϙ11
Plumstead,468,Plumstead,,30/03/2022,ϙ11
Woolwich Arsenal,469,Woolwich Arsenal,,30/03/2022,ϙ11
Woolwich Dockyard,470,Woolwich Dockyard,,30/03/2022,ϙ11
Charlton,471,Charlton,,30/03/2022,ϙ11
Westcombe Park,472,Westcombe Park,,30/03/2022,ϙ11
Maze Hill,473,Maze Hill,,30/03/2022,ϙ11
Greenwich,474,Greenwich,,30/03/2022,ϙ11
Deptford,475,Deptford,,30/03/2022,ϙ11
Surrey Quays,476,Surrey Quays,,30/03/2022,ϙ11
Queens Road Peckham,477,Queens Road Peckham,,30/03/2022,ϙ11
Peckham Rye,478,Peckham Rye,,30/03/2022,ϙ11
Denmark Hill,479,Denmark Hill,,30/03/2022,ϙ11
Clapham High Street,480,Clapham High Street,,30/03/2022,ϙ11
Wandsworth Road,481,Wandsworth Road,,30/03/2022,ϙ11
Camborne,482,Caamborrrrne,,04/04/2022,∮2dy
Redruth,483,'Druth,,04/04/2022,∮2dy
Truro,484,Truro,,04/04/2022,∮2dy
Par,485,Par,,04/04/2022,∮2dy
Bugle,486,Bugle,,04/04/2022,∮2dy
Roche,487,Roche,,04/04/2022,∮2dy
St Columb Road,488,St Columb Road,,04/04/2022,∮2dy
Quintrell Downs,489,Quintrell Downs,,04/04/2022,∮2dy
Newquay,490,Newquay,,04/04/2022,∮2dy
Luxulyan,491,Luxulyan,,04/04/2022,∮2dy
St Austell,492,St Auzzell,,04/04/2022,∮2dy
Perranwell,493,Perranwell,,04/04/2022,∮2dy
Penryn,494,Arrrt Studen' Central,,04/04/2022,∮2dy
Falmouth Docks,495,Falmouth Docks,,04/04/2022,∮2dy
Falmouth Town,496,Falmouth Town,,04/04/2022,∮2dy
Penmere,497,Penmere,,04/04/2022,∮2dy
Hayle,498,Hayle,,05/04/2022,∮2dy
St Erth,499,St Erth,,05/04/2022,∮2dy
Penzance,500,Zance,,05/04/2022,∮2dy
Tottenham Court Road,501,TCR,,28/05/2022,ϙ12
Canary Wharf,502,Canary Wharf,,28/05/2022,ϙ12
Custom House,503,Custom House,,28/05/2022,ϙ12
Woolwich,504,Woolwich,,28/05/2022,ϙ12
Henley-on-Thames,505,Henley,,03/07/2022,Ξ5
Wargrave,506,Wargrave,,03/07/2022,Ξ5
Twyford,507,Twyford,,03/07/2022,Ξ5
Maidenhead,508,Terry May Town,,03/07/2022,Ξ5
Furze Platt,509,Furze Platt,,03/07/2022,Ξ5
Cookham,510,Cookham,,03/07/2022,Ξ5
Bourne End,511,Bourne End,,03/07/2022,Ξ5
Marlow,512,Marlow,,03/07/2022,Ξ5
Taplow,513,Taplow,,03/07/2022,Ξ5
Burnham,514,Andy Burnham,,03/07/2022,Ξ5
Slough,515,Slough,,03/07/2022,Ξ5
Windsor and Eton Central,516,Windsor and Eton Central,,03/07/2022,Ξ5
Langley,517,Langley,,03/07/2022,Ξ5
Iver,518,Iver the Engine,,03/07/2022,Ξ5
West Drayton,519,West Drayton,,03/07/2022,Ξ5
Hayes and Harlington,520,Hayes and Harlington,,03/07/2022,Ξ5
Heathrow Central,521,Heathrow Central,,03/07/2022,Ξ5
Heathrow Terminal 4,522,Heathrow Terminal 4,,03/07/2022,Ξ5
Heathrow Terminal 5,523,Heathrow Terminal 5,,03/07/2022,Ξ5
Southall,524,Southall,,03/07/2022,Ξ5
Hanwell,525,Hanwell,,03/07/2022,Ξ5
Windsor and Eton Riverside,526,Windsor and Eton Riverside,,24/07/2022,ϙ13
Datchet,527,Datchet,,24/07/2022,ϙ13
Sunnymeads,528,Sunnymeads,,24/07/2022,ϙ13
Whitton,529,Whitton,,24/07/2022,ϙ13
Twickenham,530,Twickenham,,24/07/2022,ϙ13
St Margarets,531,St Margarets,,24/07/2022,ϙ13
North Sheen,532,North Sheen,,24/07/2022,ϙ13
Mortlake,533,Mortlake,,24/07/2022,ϙ13
Barnes,534,Barnes,,24/07/2022,ϙ13
Wandsworth Town,535,Wandsworth Town,,24/07/2022,ϙ13
Hinchley Wood,536,Hinchley Wood,,24/07/2022,ϙ13
Claygate,537,Claygate,,24/07/2022,ϙ13
Oxshott,538,Oxshott,,24/07/2022,ϙ13
Cobham & Stoke D'Abernon,539,Cobham & Stoke D'Abernon,,24/07/2022,ϙ13
Effingham Junction,540,Effingham Junction,,24/07/2022,ϙ13
Horsley,541,Horsley,,24/07/2022,ϙ13
Clandon,542,Clandon,,24/07/2022,ϙ13
London Road (Guildford),543,London Road (Guildford),,24/07/2022,ϙ13
Worplesdon,544,Worplesdon,,24/07/2022,ϙ13
Battersea Park,545,Battersea Park,,24/07/2022,ϙ13
Victoria,546,London Victoria,,24/07/2022,ϙ13
Wandsworth Common,547,Wandsworth Common,,24/07/2022,ϙ13
Balham,548,Balham,,24/07/2022,ϙ13
Streatham Common,549,Streatham Common,,24/07/2022,ϙ13
Norbury,550,Norbury,,24/07/2022,ϙ13
Thornton Heath,551,Thornton Heath,,24/07/2022,ϙ13
Selhurst,552,Selhurst,,24/07/2022,ϙ13
West Croydon,553,West Croydon,,24/07/2022,ϙ13
Waddon,554,Waddon,,24/07/2022,ϙ13
Wallington,555,Wallington,,24/07/2022,ϙ13
Carshalton Beeches,556,Carshalton Beeches,,24/07/2022,ϙ13
West Sutton,557,West Sutton,,24/07/2022,ϙ13
Sutton Common,558,Sutton Common,,24/07/2022,ϙ13
St Helier,559,St Helier,,24/07/2022,ϙ13
Morden South,560,Morden South,,24/07/2022,ϙ13
South Merton,561,South Merton,,24/07/2022,ϙ13
Wimbledon Chase,562,Wimbledon Chase,,24/07/2022,ϙ13
Haydons Road,563,Haydons Road,,24/07/2022,ϙ13
Tooting,564,Tooting,,24/07/2022,ϙ13
Streatham,565,Streatham,,24/07/2022,ϙ13
Tulse Hill,566,Tulse Hill,,24/07/2022,ϙ13
Herne Hill,567,Herne Hill,,24/07/2022,ϙ13
Loughborough Junction,568,Loughborough Junction,,24/07/2022,ϙ13
Kentish Town,569,Kentish Town,,24/07/2022,ϙ13
West Hampstead Thameslink,570,West Hampstead Thameslink,,24/07/2022,ϙ13
Cricklewood,571,Cricklewood,,24/07/2022,ϙ13
Hendon,572,Hendon,,24/07/2022,ϙ13
Mill Hill Broadway,573,Mill Hill Broadway,,24/07/2022,ϙ13
Elstree & Borehamwood,574,Elstree & Borehamwood,,24/07/2022,ϙ13
Radlett,575,Radlett (like Ballet),,24/07/2022,ϙ13
St Albans City,576,St Albans City,,24/07/2022,ϙ13
St Albans Abbey,577,St Albans Abbey,,24/07/2022,ϙ13
Park Street,578,Park Street,,24/07/2022,ϙ13
How Wood,579,How Wood (not Why),,24/07/2022,ϙ13
Bricket Wood,580,Bricket Wood,,24/07/2022,ϙ13
Garston,581,Garston (Ghastly),,24/07/2022,ϙ13
Watford North,582,Watford North,,24/07/2022,ϙ13
Kenilworth,583,Kenilworth,,31/07/2022,Ξ6
Coventry,584,Coventry,,31/07/2022,Ξ6
Canley,585,Canley,,31/07/2022,Ξ6
Tile Hill,586,Tile Hill,,31/07/2022,Ξ6
Berkswell,587,Berkswell,,31/07/2022,Ξ6
Hampton-in-Arden,588,Hampton-in-Arden,,31/07/2022,Ξ6
Birmingham International,589,Brummy Intl,,31/07/2022,Ξ6
Marston Green,590,Marston Green,,31/07/2022,Ξ6
Lea Hall,591,Lea Hall,,31/07/2022,Ξ6
Stechford,592,Stechford,,31/07/2022,Ξ6
Adderley Park,593,Adderley Park,,31/07/2022,Ξ6
Birmingham New Street,594,Brummy New Street,,31/07/2022,Ξ6
Five Ways,595,5 Ways,,31/07/2022,Ξ6
University,596,University,,31/07/2022,Ξ6
Selly Oak,597,Selly Oak,,31/07/2022,Ξ6
Bournville,598,Bournville,,31/07/2022,Ξ6
Kings Norton,599,Kings Norton,,31/07/2022,Ξ6
Northfield,600,Northfield,,31/07/2022,Ξ6
Longbridge,601,Longbridge,,31/07/2022,Ξ6
Barnt Green,602,Barnt Green,,31/07/2022,Ξ6
Alvechurch,603,Alvechurch,,31/07/2022,Ξ6
Redditch,604,Redditch,,31/07/2022,Ξ6
Smethwick Rolfe Street,605,Smethwick Rolfe Street,,31/07/2022,Ξ6
Sandwell & Dudley,606,Sandwell & Dudley,,31/07/2022,Ξ6
Dudley Port,607,Dudley Port,,31/07/2022,Ξ6
Tipton,608,Tipton,,31/07/2022,Ξ6
Coseley,609,Coseley,,31/07/2022,Ξ6
Wolverhampton,610,Wolverhampton,,31/07/2022,Ξ6
Telford Central,611,Telford Central,,31/07/2022,Ξ6
Wellington,612,Wellington,,31/07/2022,Ξ6
Oakengates,613,Oakengates,,31/07/2022,Ξ6
Shifnal,614,Shifnal,,31/07/2022,Ξ6
Cosford,615,Cosford,,31/07/2022,Ξ6
Albrighton,616,Albrighton,,31/07/2022,Ξ6
Codsall,617,Codsall,,31/07/2022,Ξ6
Bilbrook,618,Bilbrook,,31/07/2022,Ξ6